"First Name","Number of Customers"
"Selena","11"
"Eulah","10"
"Blaise","10"
"Alexandro","10"
"Roberto","10"
"Keely","9"
"Kathryn","9"
"Jason","9"
"Dexter","9"
"Bonita","9"
"Bernard","9"
"Bryon","9"
"Ahmed","9"
"Bill","9"
"Alivia","9"
"Linnie","9"
"Turner","9"
"Durward","9"
"Allison","9"
"Desmond","9"
"Deborah","9"
"Adelle","9"
"Joan","8"
"Madonna","8"
"Luella","8"
"Blanca","8"
"Demarcus","8"
"Denis","8"
"Luther","8"
"Stephon","8"
"Jeanette","8"
"Laury","8"
"Michele","8"
"Trenton","8"
"Deondre","8"
"Evan","8"
"Albert","8"
"Tracey","8"
"Daniela","8"
"Santa","8"
"Brennan","8"
"Tad","8"
"Malika","8"
"Enoch","8"
"Delmer","8"
"Lorenza","8"
"Jamison","8"
"Maxwell","8"
"Kristoffer","8"
"Nellie","8"
"Adrienne","8"
"Isac","8"
"Jammie","8"
"Marcos","8"
"Armand","8"
"Maureen","8"
"Gracie","8"
"Ellen","8"
"Marcellus","8"
"Felipe","8"
"Devan","8"
"Raquel","8"
"Alaina","8"
"Ciara","8"
"Ray","7"
"Beryl","7"
"Morgan","7"
"Jazmyn","7"
"Viva","7"
"Mariah","7"
"Danial","7"
"Yasmeen","7"
"Kristy","7"
"Tatyana","7"
"Elsa","7"
"Cayla","7"
"Jan","7"
"Cordie","7"
"Thea","7"
"Blanche","7"
"Mabel","7"
"Eula","7"
"Arvel","7"
"Layne","7"
"Marianne","7"
"Adolfo","7"
"Heaven","7"
"Gerda","7"
"Kenna","7"
"Emory","7"
"Cristian","7"
"Helene","7"
"Demond","7"
"Fredy","7"
"Adrien","7"
"Alysson","7"
"Dillon","7"
"Jalyn","7"
"Arnold","7"
"Lottie","7"
"Nya","7"
"Jeremie","7"
"Cornell","7"
"Herta","7"
"Velda","7"
"Sandy","7"
"Kody","7"
"Mossie","7"
"Wilmer","7"
"Bobbie","7"
"Elfrieda","7"
"Antone","7"
"Erin","7"
"Kim","7"
"Katarina","7"
"Raymundo","7"
"Isidro","7"
"Julius","7"
"Khalil","7"
"Trycia","7"
"Brain","7"
"Gideon","7"
"Maci","7"
"Betsy","7"
"Alycia","7"
"Hope","7"
"Cielo","7"
"Angelita","7"
"Emilia","7"
"Elijah","7"
"Ruby","7"
"Heloise","7"
"Rodger","7"
"Judson","7"
"Patricia","7"
"Stanley","7"
"Hilton","7"
"Geovany","7"
"Oliver","7"
"Monroe","7"
"Kenton","7"
"Axel","7"
"Winona","7"
"Bernadine","7"
"Anabel","7"
"Liana","7"
"Jasen","7"
"Jada","7"
"Jena","7"
"Felipa","7"
"Genevieve","7"
"Damien","7"
"Daren","7"
"Franz","7"
"Harmon","7"
"Toni","7"
"Marlon","7"
"Carleton","7"
"Dawson","7"
"Gino","7"
"Wilfred","7"
"Jedediah","7"
"Karelle","7"
"Matilde","7"
"Meredith","7"
"Austin","6"
"Cristobal","6"
"Marta","6"
"Lyric","6"
"Keaton","6"
"Freeman","6"
"Laurianne","6"
"Austen","6"
"Christ","6"
"Aileen","6"
"Merle","6"
"Rahul","6"
"Joel","6"
"Lelah","6"
"Arely","6"
"Jillian","6"
"Roselyn","6"
"Kaia","6"
"Theodora","6"
"Granville","6"
"Constance","6"
"Lupe","6"
"Rozella","6"
"Elyse","6"
"Marjorie","6"
"Karolann","6"
"Rod","6"
"Drew","6"
"Claudine","6"
"Lazaro","6"
"Jay","6"
"Lemuel","6"
"Pascale","6"
"Everardo","6"
"Sean","6"
"Dejah","6"
"Sydnee","6"
"Vance","6"
"Dallas","6"
"Anahi","6"
"Darien","6"
"Jessyca","6"
"Baron","6"
"Alvera","6"
"Halle","6"
"Zane","6"
"Amos","6"
"Skylar","6"
"Jessie","6"
"Chloe","6"
"Chelsey","6"
"Ernestine","6"
"Jarvis","6"
"Litzy","6"
"Emie","6"
"Conrad","6"
"Adolph","6"
"Claire","6"
"Parker","6"
"Dave","6"
"Ervin","6"
"Kelsi","6"
"Rosemarie","6"
"Celestine","6"
"Mazie","6"
"Rosalia","6"
"Owen","6"
"Phoebe","6"
"Santina","6"
"Fermin","6"
"Henry","6"
"Kelsie","6"
"Aiden","6"
"Concepcion","6"
"Aric","6"
"Rose","6"
"Reuben","6"
"Madalyn","6"
"Dudley","6"
"Leta","6"
"Ezra","6"
"Vergie","6"
"Anibal","6"
"Brielle","6"
"Telly","6"
"Ole","6"
"Estelle","6"
"Ernie","6"
"Russell","6"
"Ken","6"
"Wilhelm","6"
"Jakob","6"
"Elliot","6"
"Erik","6"
"Clay","6"
"Stacy","6"
"Ward","6"
"Brycen","6"
"Gay","6"
"Marge","6"
"Oleta","6"
"Elaina","6"
"Jude","6"
"Melissa","6"
"Zoie","6"
"Karen","6"
"Moses","6"
"Lindsay","6"
"Joyce","6"
"Octavia","6"
"Reymundo","6"
"Peggie","6"
"Earl","6"
"Jacinto","6"
"Louvenia","6"
"Milo","6"
"Kassandra","6"
"Lauren","6"
"Fernando","6"
"Xzavier","6"
"Tess","6"
"Kaleb","6"
"Madelynn","6"
"Janet","6"
"Abel","6"
"Evalyn","6"
"Larry","6"
"Elody","6"
"Baby","6"
"Ryan","6"
"Juliana","6"
"Jerel","6"
"Dewitt","6"
"Natalie","6"
"Naomie","6"
"Samir","6"
"Ebba","6"
"Rachael","6"
"Otis","6"
"Modesto","6"
"Freeda","6"
"Otho","6"
"Edythe","6"
"Bert","6"
"Beth","6"
"Judah","6"
"Rudy","6"
"Gilberto","6"
"Earline","6"
"Devonte","6"
"Joseph","6"
"Sigmund","6"
"Hillard","6"
"Marcia","6"
"Jordane","6"
"Mayra","6"
"Joaquin","6"
"Hal","6"
"Sheila","6"
"Bethel","6"
"Hoyt","6"
"Harry","6"
"Marietta","6"
"Ernesto","6"
"Clara","6"
"Isai","6"
"Reanna","6"
"Herman","6"
"Alize","6"
"Green","6"
"Francis","6"
"Clotilde","6"
"Emelia","6"
"Cleve","6"
"Rodrigo","6"
"Chaya","6"
"Kristofer","6"
"Alessia","6"
"Shany","6"
"Zetta","6"
"Larissa","6"
"Merlin","6"
"Maye","6"
"Clemmie","6"
"Shana","6"
"Samantha","6"
"Alyson","6"
"Hipolito","6"
"Deven","6"
"Nicklaus","6"
"Shaylee","6"
"Bernhard","6"
"Maxine","6"
"Myrtie","6"
"Wilber","6"
"Victoria","6"
"Douglas","6"
"Neha","6"
"Jordy","6"
"Linwood","6"
"Clinton","6"
"Breanna","6"
"Laila","6"
"Britney","6"
"Amani","6"
"Elissa","6"
"Sherwood","6"
"Whitney","6"
"Reba","6"
"Christian","6"
"Alda","6"
"Camden","6"
"Imani","6"
"Cali","6"
"Yvette","6"
"Amiya","6"
"Allene","6"
"Hannah","6"
"Amira","6"
"Candice","6"
"Doris","6"
"Summer","6"
"Adan","6"
"Haven","6"
"Donald","6"
"Rafaela","5"
"Waylon","5"
"Alden","5"
"Boyd","5"
"Kevin","5"
"Elmer","5"
"Catharine","5"
"Kelton","5"
"Orlando","5"
"Cooper","5"
"Rey","5"
"Myrtice","5"
"Vita","5"
"Dean","5"
"Luis","5"
"Myles","5"
"Michaela","5"
"Berta","5"
"Madilyn","5"
"Riley","5"
"Dasia","5"
"Vena","5"
"Clarabelle","5"
"Raul","5"
"Hubert","5"
"Emmett","5"
"Rubye","5"
"Floyd","5"
"Shyann","5"
"Virginia","5"
"Felicita","5"
"Kale","5"
"Kali","5"
"Richard","5"
"Dion","5"
"Cierra","5"
"Giovanna","5"
"Alf","5"
"Kyler","5"
"Cecelia","5"
"Nadia","5"
"Makayla","5"
"Lura","5"
"Aletha","5"
"Juwan","5"
"Arvid","5"
"Cody","5"
"Bradford","5"
"Chelsie","5"
"Austyn","5"
"Sven","5"
"Casimer","5"
"Seamus","5"
"Jed","5"
"Raegan","5"
"Noel","5"
"Clyde","5"
"Jeanne","5"
"Keanu","5"
"Madaline","5"
"Edna","5"
"Joesph","5"
"Kenny","5"
"Myah","5"
"Abbie","5"
"Jordon","5"
"Garnett","5"
"Amber","5"
"Christa","5"
"Tevin","5"
"Athena","5"
"Jarred","5"
"Alicia","5"
"Solon","5"
"Ronny","5"
"Beverly","5"
"Francesco","5"
"Joe","5"
"Alayna","5"
"Sam","5"
"Adrian","5"
"Rowan","5"
"Virgie","5"
"Cory","5"
"Lila","5"
"Helen","5"
"Buck","5"
"Abigayle","5"
"Charlene","5"
"Darrin","5"
"Yesenia","5"
"Seth","5"
"Deshawn","5"
"Kenneth","5"
"Darren","5"
"Brooks","5"
"Laverne","5"
"Annette","5"
"Kaylee","5"
"Lacy","5"
"Kayley","5"
"Corene","5"
"Aracely","5"
"Mohamed","5"
"Myrl","5"
"Leilani","5"
"Ulices","5"
"Delilah","5"
"Ozella","5"
"Lysanne","5"
"Neoma","5"
"Loyal","5"
"Monserrat","5"
"Heather","5"
"Giles","5"
"Morton","5"
"Kole","5"
"Darion","5"
"Tracy","5"
"Camilla","5"
"Clemens","5"
"Wyman","5"
"Retta","5"
"Adell","5"
"Eduardo","5"
"Leone","5"
"Christop","5"
"Eveline","5"
"Georgette","5"
"Chasity","5"
"Theron","5"
"Casper","5"
"Cleo","5"
"Anne","5"
"Brandy","5"
"Rolando","5"
"Brandt","5"
"Lacey","5"
"Cecilia","5"
"Nikko","5"
"Geo","5"
"Nikki","5"
"Tristin","5"
"Hassan","5"
"Terrence","5"
"Benton","5"
"Cornelius","5"
"Steve","5"
"Nyah","5"
"Edwardo","5"
"Roosevelt","5"
"Palma","5"
"Moshe","5"
"Haylee","5"
"Ruben","5"
"Petra","5"
"Cordell","5"
"Meda","5"
"Malvina","5"
"Aglae","5"
"Heidi","5"
"Javon","5"
"Belle","5"
"Delta","5"
"Roxane","5"
"Hassie","5"
"Pat","5"
"Melba","5"
"Aditya","5"
"Gregory","5"
"Hardy","5"
"Ryder","5"
"Madisen","5"
"Carlos","5"
"Bret","5"
"Julio","5"
"Johnnie","5"
"Pablo","5"
"Dianna","5"
"Bell","5"
"Toy","5"
"Katlynn","5"
"Shanon","5"
"Brittany","5"
"Yasmin","5"
"Garett","5"
"Jaron","5"
"Tara","5"
"Jo","5"
"Lorenzo","5"
"Hollis","5"
"Tate","5"
"Otha","5"
"Ulises","5"
"Marjory","5"
"Margarita","5"
"Ariane","5"
"Rebecca","5"
"Jevon","5"
"Dayne","5"
"Hayden","5"
"Felicia","5"
"Wilfredo","5"
"Rocio","5"
"Mortimer","5"
"Yvonne","5"
"Carley","5"
"Alexa","5"
"Einar","5"
"Raoul","5"
"Milan","5"
"Charity","5"
"Edgar","5"
"Camila","5"
"Loma","5"
"Sonny","5"
"Zachariah","5"
"Sophia","5"
"Curtis","5"
"Ismael","5"
"Markus","5"
"Marc","5"
"Sterling","5"
"Alexandrine","5"
"Nyasia","5"
"Olaf","5"
"Linnea","5"
"Jean","5"
"Cassie","5"
"Roderick","5"
"Nettie","5"
"Roxanne","5"
"Lora","5"
"Archibald","5"
"Olen","5"
"Braden","5"
"Irving","5"
"Flavio","5"
"Esta","5"
"Ardella","5"
"Nico","5"
"Nick","5"
"Royce","5"
"Marshall","5"
"Vivian","5"
"Lue","5"
"Minerva","5"
"Emmet","5"
"Fanny","5"
"Tyreek","5"
"Cleora","5"
"Bryana","5"
"Kiara","5"
"Lilla","5"
"Damaris","5"
"Donnie","5"
"Abigail","5"
"Gerry","5"
"Edyth","5"
"Brendan","5"
"Frances","5"
"Miller","5"
"Una","5"
"Reginald","5"
"Dewayne","5"
"Rick","5"
"Myrtis","5"
"Jonathon","5"
"Kareem","5"
"Mae","5"
"Manuela","5"
"Daisy","5"
"Gabriel","5"
"Malachi","5"
"Nicholaus","5"
"Gaston","5"
"Jamel","5"
"Jamey","5"
"Vince","5"
"Cloyd","5"
"Rosamond","5"
"Molly","5"
"Sidney","5"
"Lonie","5"
"Vanessa","5"
"Andre","5"
"Wilfrid","5"
"Ian","5"
"Mittie","5"
"Addison","5"
"Randal","5"
"Boris","5"
"Josianne","5"
"Julian","5"
"Greg","5"
"Flossie","5"
"Ramiro","5"
"Marcella","5"
"Fletcher","5"
"Van","5"
"Ally","5"
"Elisha","5"
"Ophelia","5"
"Amely","5"
"Rita","5"
"Katelyn","5"
"Cara","5"
"Oceane","5"
"Leila","5"
"Alexandre","5"
"Jaime","5"
"Cary","5"
"Emmanuelle","5"
"Eda","5"
"Noble","5"
"Vallie","5"
"Adah","5"
"Eleazar","5"
"Brianne","5"
"Abdiel","5"
"Joelle","5"
"Cletus","5"
"Ollie","5"
"Mohammad","5"
"Veronica","5"
"Cesar","5"
"Marcelino","4"
"Rafael","4"
"Orpha","4"
"Evangeline","4"
"Jedidiah","4"
"Sydni","4"
"Helmer","4"
"Alphonso","4"
"Marty","4"
"Domingo","4"
"Abe","4"
"Rusty","4"
"Delpha","4"
"Rosina","4"
"Jordan","4"
"Milford","4"
"Paula","4"
"Napoleon","4"
"Kaci","4"
"Laurence","4"
"Benny","4"
"Iva","4"
"Pearline","4"
"Brooklyn","4"
"Eloy","4"
"Leanna","4"
"Leonardo","4"
"Ardith","4"
"Brigitte","4"
"Ford","4"
"Lourdes","4"
"Piper","4"
"Dino","4"
"John","4"
"Caden","4"
"Keshawn","4"
"Celia","4"
"Berry","4"
"Marina","4"
"Virginie","4"
"Kamron","4"
"Alexzander","4"
"Mckenzie","4"
"Malinda","4"
"Eriberto","4"
"Garrett","4"
"Russel","4"
"Trinity","4"
"Kane","4"
"Gwen","4"
"Hortense","4"
"Hershel","4"
"Adeline","4"
"Ayana","4"
"Alyce","4"
"Jayda","4"
"Coby","4"
"Zack","4"
"Oren","4"
"Clementina","4"
"Nelle","4"
"Mathilde","4"
"Dominic","4"
"Jeanie","4"
"Toney","4"
"Johnathan","4"
"Kara","4"
"Savanah","4"
"Sanford","4"
"Theo","4"
"Sabrina","4"
"Colten","4"
"Ara","4"
"Dena","4"
"Frida","4"
"Enrique","4"
"Art","4"
"Dorothea","4"
"Orin","4"
"Valentine","4"
"Tressie","4"
"Valentina","4"
"Issac","4"
"Stephan","4"
"Zechariah","4"
"Duncan","4"
"Everett","4"
"Colleen","4"
"Odessa","4"
"Noe","4"
"Diego","4"
"Dahlia","4"
"Liam","4"
"Gertrude","4"
"Sincere","4"
"Mozelle","4"
"Twila","4"
"Sydnie","4"
"Aida","4"
"Francisca","4"
"Halie","4"
"Marvin","4"
"Stephen","4"
"Fay","4"
"Electa","4"
"Christy","4"
"Ariel","4"
"Jaden","4"
"Helena","4"
"Kellen","4"
"Beaulah","4"
"Savannah","4"
"Amparo","4"
"Leonie","4"
"Annabelle","4"
"Rosemary","4"
"Earnestine","4"
"Kiera","4"
"Ezekiel","4"
"Mable","4"
"Colton","4"
"Alvina","4"
"Ebony","4"
"Filomena","4"
"Onie","4"
"Lavern","4"
"Ellis","4"
"Delores","4"
"Cora","4"
"Murphy","4"
"Javier","4"
"Jon","4"
"Gunner","4"
"Tyra","4"
"Lenore","4"
"Cristal","4"
"Paige","4"
"Sylvester","4"
"Callie","4"
"Sylvia","4"
"Will","4"
"Oscar","4"
"Chanelle","4"
"Sage","4"
"Brenden","4"
"Laura","4"
"Marisol","4"
"Keyon","4"
"Gennaro","4"
"Maida","4"
"Talia","4"
"Avis","4"
"Hector","4"
"Sheldon","4"
"Alfred","4"
"Lavada","4"
"Elroy","4"
"Jewel","4"
"Martina","4"
"Nakia","4"
"Martine","4"
"Ben","4"
"Duane","4"
"Davion","4"
"Joanie","4"
"Jerrell","4"
"Celestino","4"
"Leonel","4"
"Sid","4"
"Brennon","4"
"Donavon","4"
"Nathaniel","4"
"Karianne","4"
"Muriel","4"
"Mariela","4"
"Sammie","4"
"Lincoln","4"
"Conor","4"
"Shaniya","4"
"Birdie","4"
"Freddie","4"
"Velma","4"
"Dayana","4"
"Rory","4"
"Vernice","4"
"Roman","4"
"Rosalee","4"
"Lavinia","4"
"Rashad","4"
"Evie","4"
"Lilliana","4"
"Walker","4"
"Elisa","4"
"Vicky","4"
"Andy","4"
"Adrianna","4"
"Dustin","4"
"Demetrius","4"
"Geovanni","4"
"Arnoldo","4"
"Sister","4"
"Werner","4"
"Raphaelle","4"
"Trace","4"
"Norbert","4"
"Destiny","4"
"Monty","4"
"Kamren","4"
"Velva","4"
"Ralph","4"
"Elvis","4"
"Leopoldo","4"
"Ivah","4"
"Lilian","4"
"Carmel","4"
"Bud","4"
"Justen","4"
"Alison","4"
"Antonette","4"
"Jaleel","4"
"Dock","4"
"Erling","4"
"Sandrine","4"
"Carmela","4"
"Vivienne","4"
"Charlotte","4"
"Carmelo","4"
"Meggie","4"
"Jessy","4"
"Melany","4"
"Beatrice","4"
"Lindsey","4"
"Lauryn","4"
"Adele","4"
"Aubree","4"
"Aubrey","4"
"Alexis","4"
"Willis","4"
"Lexie","4"
"Reyes","4"
"Elnora","4"
"Dorcas","4"
"Ethelyn","4"
"Mandy","4"
"Kaela","4"
"Jolie","4"
"Kendra","4"
"Ethan","4"
"Reilly","4"
"Evans","4"
"Anastacio","4"
"Catalina","4"
"Angelica","4"
"Alysa","4"
"Dorthy","4"
"Darron","4"
"Kennith","4"
"Frederic","4"
"Walter","4"
"Anjali","4"
"Abelardo","4"
"Nigel","4"
"Jermey","4"
"Mikayla","4"
"Violet","4"
"Vincenza","4"
"Prudence","4"
"Jackeline","4"
"June","4"
"Fidel","4"
"Ransom","4"
"Thelma","4"
"Bella","4"
"Audie","4"
"Kailyn","4"
"Bernita","4"
"Jules","4"
"Brad","4"
"Perry","4"
"Verlie","4"
"Benjamin","4"
"Demario","4"
"Abdullah","4"
"Pearl","4"
"Imogene","4"
"Letitia","4"
"Branson","4"
"Lucious","4"
"Irma","4"
"Ed","4"
"Asha","4"
"Xander","4"
"Jaclyn","4"
"Rhianna","4"
"Micah","4"
"Brett","4"
"Consuelo","4"
"Elinor","4"
"Zackery","4"
"Makenna","4"
"Pierce","4"
"Sammy","4"
"Reinhold","4"
"Gwendolyn","4"
"Samara","4"
"Berenice","4"
"Gus","4"
"Forrest","4"
"Tod","4"
"Spencer","4"
"Troy","4"
"Margie","4"
"Estell","4"
"Kaitlyn","4"
"Katelin","4"
"Agustina","4"
"Camren","4"
"Maggie","4"
"Melyssa","4"
"Constantin","4"
"Betty","4"
"Bette","4"
"Deonte","4"
"Paxton","4"
"Carlotta","4"
"Braeden","4"
"Emilie","4"
"Emilio","4"
"Opal","4"
"Rigoberto","4"
"Brisa","4"
"Darwin","4"
"Jessika","4"
"Merl","4"
"Sherman","4"
"Hosea","4"
"Maude","4"
"Josefa","4"
"Lee","4"
"Edmund","4"
"Kristin","4"
"Kaelyn","4"
"Yadira","4"
"Stanton","4"
"Cathryn","4"
"Kraig","4"
"Odell","4"
"Angus","4"
"Edwina","4"
"Ocie","4"
"Carlee","4"
"Lilyan","4"
"Noemie","4"
"Elwin","4"
"Royal","4"
"Ludie","4"
"Sophie","4"
"Kirsten","4"
"Claud","4"
"Hillary","4"
"Shanie","4"
"Margot","4"
"Jennifer","4"
"Eldora","4"
"Erick","4"
"Fred","4"
"Adonis","4"
"Judge","4"
"Crystal","4"
"Kayli","4"
"Sonia","4"
"Jaunita","4"
"Richie","4"
"Michelle","4"
"Jaylen","4"
"Gerald","4"
"Kadin","4"
"Emelie","4"
"Lon","4"
"Tiffany","4"
"Dashawn","4"
"Casandra","4"
"Jovanny","4"
"Reggie","4"
"Keyshawn","4"
"Alena","4"
"Dan","4"
"Weldon","4"
"Dax","4"
"Garland","4"
"Katrine","4"
"Emmie","4"
"Rebekah","4"
"Skye","4"
"Declan","4"
"Shyanne","4"
"Princess","4"
"Americo","4"
"Johann","4"
"Phyllis","4"
"Gust","4"
"Augustus","4"
"Karson","4"
"Libbie","4"
"Ignatius","4"
"Jaqueline","4"
"Naomi","4"
"Luz","4"
"Reina","4"
"Kyra","4"
"Margret","4"
"Hudson","4"
"Deion","4"
"Webster","4"
"Sunny","4"
"Christine","4"
"Quincy","4"
"Fritz","4"
"Magdalen","4"
"Niko","4"
"Lilly","4"
"Marlin","4"
"Savion","4"
"Adelbert","4"
"Maryam","4"
"Chandler","4"
"Makenzie","4"
"Alexander","4"
"Scarlett","4"
"Jamal","4"
"Nina","4"
"Muhammad","4"
"Lafayette","4"
"Ashtyn","4"
"Frankie","4"
"Jorge","4"
"Wiley","4"
"Leonard","4"
"Sallie","4"
"Arturo","4"
"Aliyah","4"
"Jany","4"
"May","4"
"Felix","4"
"Hermann","4"
"Colin","4"
"Salma","4"
"Rylan","4"
"Kurt","4"
"Shad","4"
"Jadyn","4"
"Chauncey","4"
"Taryn","4"
"Caroline","4"
"Althea","4"
"Berneice","4"
"Quentin","4"
"Dillan","4"
"Jamie","4"
"Alba","4"
"Donna","4"
"Shea","4"
"Georgiana","4"
"Ressie","4"
"Maymie","4"
"Gina","4"
"Greyson","4"
"Alex","4"
"Glenda","4"
"Bertram","4"
"Etha","4"
"Chesley","4"
"London","4"
"Mireille","4"
"Roberta","4"
"Daija","4"
"Emmanuel","4"
"Susana","4"
"Missouri","4"
"Golden","4"
"Travis","4"
"Tanya","4"
"Kiel","4"
"Gustave","4"
"Edgardo","4"
"Kameron","4"
"Ryleigh","4"
"Orval","4"
"Cassandre","4"
"Cassandra","4"
"Kristopher","4"
"Jessica","4"
"Billy","4"
"Macie","4"
"Renee","4"
"Maritza","4"
"Mylene","4"
"Jocelyn","4"
"Gene","4"
"Tiara","4"
"Hermina","4"
"Esmeralda","4"
"Roger","4"
"Ike","4"
"Candida","4"
"Lavon","4"
"Ila","4"
"Adella","4"
"King","4"
"Jacquelyn","4"
"Kattie","4"
"Rhoda","4"
"Veda","4"
"Hildegard","4"
"Silas","4"
"Orion","4"
"Yazmin","4"
"Laney","4"
"Zoe","4"
"Gail","4"
"Verner","4"
"Lonzo","4"
"Claude","4"
"Icie","4"
"Stuart","4"
"Wilbert","4"
"Rae","4"
"Tianna","4"
"Serena","4"
"Louisa","3"
"Lynn","3"
"Mya","3"
"Charlie","3"
"Kaleigh","3"
"Alva","3"
"Dereck","3"
"Friedrich","3"
"Justus","3"
"Daisha","3"
"Elliott","3"
"Ella","3"
"Jeramie","3"
"Francesca","3"
"Shayna","3"
"Imelda","3"
"Mackenzie","3"
"Jerome","3"
"Kenyatta","3"
"Akeem","3"
"Abagail","3"
"Ilene","3"
"Jeromy","3"
"Korbin","3"
"Delphine","3"
"Melyna","3"
"Vada","3"
"Mariam","3"
"Marian","3"
"Keith","3"
"Ena","3"
"Unique","3"
"Juana","3"
"Nickolas","3"
"Nelda","3"
"Michale","3"
"Ivy","3"
"Alexys","3"
"Jimmie","3"
"Wilford","3"
"Jonatan","3"
"Nat","3"
"Mervin","3"
"Howard","3"
"Eloise","3"
"Billie","3"
"Jalen","3"
"Montana","3"
"Elizabeth","3"
"Barrett","3"
"Cullen","3"
"Zion","3"
"Kevon","3"
"Giovanny","3"
"Theresa","3"
"Emanuel","3"
"Vern","3"
"Mellie","3"
"Else","3"
"Buddy","3"
"Elvera","3"
"Angelo","3"
"Eden","3"
"Angela","3"
"Elva","3"
"Jacklyn","3"
"Allie","3"
"Llewellyn","3"
"Charles","3"
"Alessandra","3"
"Jayce","3"
"Rasheed","3"
"Leopold","3"
"Charley","3"
"Isaias","3"
"Eva","3"
"Eve","3"
"Craig","3"
"Ana","3"
"Deja","3"
"Roy","3"
"Carolyne","3"
"Weston","3"
"Zita","3"
"Alfonzo","3"
"Christopher","3"
"Elisabeth","3"
"Nia","3"
"Penelope","3"
"Domenick","3"
"Selina","3"
"Eladio","3"
"Jerrold","3"
"Aniyah","3"
"Kari","3"
"Francisco","3"
"Bonnie","3"
"Briana","3"
"Brendon","3"
"Stanford","3"
"Domenica","3"
"Bethany","3"
"Sydney","3"
"Jarrod","3"
"Gladys","3"
"Ethyl","3"
"Asa","3"
"Jose","3"
"Maybell","3"
"Josh","3"
"Deon","3"
"Kylie","3"
"Pauline","3"
"Lawrence","3"
"Amie","3"
"Alvena","3"
"Hailie","3"
"Arthur","3"
"Alford","3"
"Uriah","3"
"Xavier","3"
"Carissa","3"
"Lucinda","3"
"Marcelo","3"
"Andres","3"
"Andrew","3"
"Chyna","3"
"Kellie","3"
"Harrison","3"
"Barry","3"
"Stefan","3"
"Mallie","3"
"Brown","3"
"Fannie","3"
"Casimir","3"
"Geoffrey","3"
"Caleigh","3"
"Cecil","3"
"Kaya","3"
"Orlo","3"
"Garry","3"
"Fae","3"
"Ramon","3"
"Skyla","3"
"Zakary","3"
"Jarret","3"
"Cole","3"
"Nola","3"
"Mason","3"
"Dane","3"
"Noemi","3"
"Rowland","3"
"Jayme","3"
"Jannie","3"
"Ceasar","3"
"Blair","3"
"Bobby","3"
"Robb","3"
"Quinn","3"
"Stefanie","3"
"Ruthe","3"
"Chelsea","3"
"Brenna","3"
"Raina","3"
"Ellie","3"
"Ernestina","3"
"Janessa","3"
"Queen","3"
"Verda","3"
"August","3"
"Dominique","3"
"Winfield","3"
"Cleveland","3"
"Lily","3"
"Roel","3"
"Patrick","3"
"Nora","3"
"Herminia","3"
"Daron","3"
"Danika","3"
"Pedro","3"
"Monserrate","3"
"Dawn","3"
"Corine","3"
"Thurman","3"
"Angel","3"
"Vaughn","3"
"Brian","3"
"Tomas","3"
"Bessie","3"
"Flo","3"
"Cristina","3"
"Eunice","3"
"Leif","3"
"Yoshiko","3"
"Cristopher","3"
"Florine","3"
"Arch","3"
"Kaylie","3"
"Isabella","3"
"Emma","3"
"Heath","3"
"Sabina","3"
"Bennett","3"
"Audreanne","3"
"Oswald","3"
"Ladarius","3"
"Taylor","3"
"Hank","3"
"Melvin","3"
"Wade","3"
"Stewart","3"
"Doyle","3"
"Eliza","3"
"Jaycee","3"
"Santino","3"
"Kenyon","3"
"Lisette","3"
"Delphia","3"
"Grant","3"
"Kobe","3"
"Shaun","3"
"Carmella","3"
"Mitchel","3"
"Annetta","3"
"Jaquan","3"
"Zoila","3"
"Haleigh","3"
"Joanne","3"
"Florida","3"
"Gretchen","3"
"Sheridan","3"
"Antonio","3"
"Rosa","3"
"Elena","3"
"Dallin","3"
"Talon","3"
"Kasandra","3"
"Vella","3"
"Lesly","3"
"Ashleigh","3"
"Cydney","3"
"Mavis","3"
"Aidan","3"
"Alexanne","3"
"Magnus","3"
"Dolly","3"
"Candelario","3"
"Eino","3"
"Alice","3"
"Torrey","3"
"Elise","3"
"Price","3"
"Idell","3"
"Antonia","3"
"Kay","3"
"Geovanny","3"
"Philip","3"
"Arno","3"
"Destini","3"
"Camille","3"
"Hertha","3"
"Elvie","3"
"Chadd","3"
"Astrid","3"
"Estella","3"
"Levi","3"
"Mariane","3"
"Tamara","3"
"Mariana","3"
"Iliana","3"
"Abraham","3"
"Ludwig","3"
"Luisa","3"
"Lizeth","3"
"Daphne","3"
"Alexane","3"
"Precious","3"
"Nicolette","3"
"Lloyd","3"
"Eric","3"
"Lucienne","3"
"Jackie","3"
"Rosalyn","3"
"Ryann","3"
"Treva","3"
"Amanda","3"
"Walton","3"
"Marie","3"
"Santos","3"
"Adela","3"
"Tillman","3"
"Rosella","3"
"Karlie","3"
"Kennedy","3"
"Nathanael","3"
"Anna","3"
"Willie","3"
"Gisselle","3"
"Wilhelmine","3"
"Kristian","3"
"Darryl","3"
"Kory","3"
"Bruce","3"
"Tabitha","3"
"Brandi","3"
"Leora","3"
"Juston","3"
"Florence","3"
"Citlalli","3"
"Natasha","3"
"Camryn","3"
"Destinee","3"
"Gerson","3"
"Willow","3"
"Wava","3"
"Aryanna","3"
"Shakira","3"
"Burnice","3"
"Pierre","3"
"Johan","3"
"Torrance","3"
"Chaz","3"
"Eleanore","3"
"Karley","3"
"Judy","3"
"Eleanora","3"
"Chance","3"
"Jayson","3"
"Annabell","3"
"Zola","3"
"Louie","3"
"Keven","3"
"Vladimir","3"
"Frederik","3"
"Eugene","3"
"Danielle","3"
"Sasha","3"
"Beau","3"
"Elias","3"
"Kavon","3"
"Chet","3"
"Madyson","3"
"Jeffrey","3"
"Destany","3"
"Ethel","3"
"Katheryn","3"
"Erwin","3"
"Cecile","3"
"Tito","3"
"Bertha","3"
"Jacinthe","3"
"Jacques","3"
"Jovani","3"
"Vesta","3"
"Janae","3"
"Laurel","3"
"Emerson","3"
"Waino","3"
"Trevor","3"
"Laron","3"
"Jameson","3"
"Mina","3"
"Paul","3"
"Elwyn","3"
"Emery","3"
"Creola","3"
"Rosalind","3"
"Flavie","3"
"Bo","3"
"Tia","3"
"Zora","3"
"Frieda","3"
"Dovie","3"
"Eryn","3"
"Izabella","3"
"Reynold","3"
"Jackson","3"
"Miguel","3"
"Cameron","3"
"Ines","3"
"Larue","3"
"Jerad","3"
"Ernest","3"
"Brant","3"
"Laurie","3"
"Orrin","3"
"Adolf","3"
"Lizzie","3"
"Violette","3"
"Urban","3"
"Cindy","3"
"Narciso","3"
"Lowell","3"
"Kendall","3"
"Macy","3"
"Janie","3"
"Janis","3"
"Rocky","3"
"Guy","3"
"Natalia","3"
"Justice","3"
"Corbin","3"
"Candace","3"
"Garnet","3"
"Elsie","3"
"Saige","3"
"Harley","3"
"Julia","3"
"Trever","3"
"Julie","3"
"Alfreda","3"
"Lauretta","3"
"Graham","3"
"Nannie","3"
"Brady","3"
"Leonora","3"
"Moises","3"
"Delia","3"
"Hulda","3"
"Carlie","3"
"Hilbert","3"
"Finn","3"
"Ezequiel","3"
"Simone","3"
"Abdul","3"
"Kayleigh","3"
"Syble","3"
"Jaylon","3"
"Demarco","3"
"Alanis","3"
"Lea","3"
"Kieran","3"
"Ambrose","3"
"Suzanne","3"
"Elmira","3"
"Valerie","3"
"Easton","3"
"Leo","3"
"Marguerite","3"
"Sadye","3"
"Houston","3"
"Shanel","3"
"Trevion","3"
"Bettye","3"
"Ericka","3"
"Emily","3"
"Osvaldo","3"
"Remington","3"
"Hunter","3"
"Calista","3"
"Logan","3"
"Kayla","3"
"Gussie","3"
"Manley","3"
"Adriana","3"
"Jenifer","3"
"Josephine","3"
"Graciela","3"
"Trudie","3"
"Shania","3"
"Curt","3"
"Lola","3"
"Buster","3"
"Mafalda","3"
"Alverta","3"
"Lesley","3"
"Brionna","3"
"Zella","3"
"Verdie","3"
"Erica","3"
"Viola","3"
"Ottilie","3"
"Taurean","3"
"Keenan","3"
"Jennie","3"
"Aliya","3"
"Easter","3"
"Mara","3"
"Mark","3"
"Hanna","3"
"Norwood","3"
"Yessenia","3"
"Mary","3"
"Fleta","3"
"Kirstin","3"
"Jeffry","3"
"Mollie","3"
"Fabian","3"
"Annamarie","3"
"Bart","3"
"Sandra","3"
"Deanna","3"
"Gregg","3"
"Dejuan","3"
"Marilyne","3"
"Clifford","3"
"Lou","3"
"Kamille","3"
"Pattie","3"
"Sonya","3"
"Aimee","3"
"Bridgette","3"
"Vivien","3"
"Jonathan","3"
"Otto","3"
"Anastasia","3"
"Hiram","3"
"Alene","3"
"Jeff","3"
"Jettie","3"
"Shane","3"
"Delfina","3"
"Maurine","3"
"Kyla","3"
"Kyle","3"
"Derrick","3"
"Kiley","3"
"Zander","3"
"Isabel","3"
"Olin","3"
"Jerald","3"
"Brice","3"
"America","3"
"Jack","3"
"Bailey","3"
"Dee","3"
"Carlo","3"
"Jerrod","3"
"Selmer","3"
"Rebeka","3"
"Carter","3"
"Toby","3"
"Tavares","3"
"Terence","3"
"Harmony","3"
"Burley","3"
"Ruth","3"
"Quinton","3"
"Jade","3"
"Hellen","3"
"Neal","3"
"Magdalena","3"
"Kenya","3"
"Randi","3"
"Norma","3"
"Sibyl","3"
"Henderson","3"
"Nils","3"
"Dulce","3"
"Isom","3"
"Vinnie","3"
"Verna","3"
"Aisha","3"
"Corrine","3"
"Jordi","3"
"Dario","3"
"Rollin","3"
"Guiseppe","3"
"Jadon","3"
"Dorris","3"
"Schuyler","3"
"Reece","3"
"Marlen","3"
"Jamar","3"
"Davon","3"
"Marlee","3"
"Faye","3"
"Osbaldo","3"
"Eileen","3"
"Don","3"
"Lurline","3"
"Rico","3"
"Karina","3"
"Mac","3"
"Bartholome","3"
"Amara","3"
"Max","3"
"Alysha","3"
"Margaret","3"
"Cade","3"
"Jane","3"
"Brock","3"
"Sally","3"
"Damian","3"
"Bernardo","3"
"Frank","3"
"Mateo","3"
"Jaquelin","3"
"Alberto","3"
"Christiana","3"
"Cortez","3"
"Alan","3"
"Carolina","3"
"Herbert","3"
"Rogelio","3"
"David","3"
"Breanne","3"
"Winifred","3"
"Nels","3"
"Samanta","3"
"Brayan","3"
"Krystal","3"
"Lucile","3"
"Wendell","3"
"Jamil","3"
"Donny","3"
"Wilson","3"
"Glenna","3"
"Kolby","3"
"Maddison","3"
"Maryjane","3"
"Fausto","3"
"Scottie","3"
"Eugenia","3"
"Joana","3"
"Kailey","3"
"Reed","3"
"Mia","3"
"Godfrey","3"
"Arianna","3"
"Catherine","3"
"Bridget","3"
"Zula","3"
"Julien","3"
"Roscoe","3"
"Garfield","3"
"Willa","3"
"Cale","3"
"Mauricio","3"
"Reid","3"
"Misty","3"
"Gregoria","3"
"Isabell","3"
"General","3"
"Gardner","3"
"Alia","3"
"Lyda","3"
"Susan","3"
"Jarrett","3"
"Lucius","3"
"Freida","3"
"Ryley","3"
"Davonte","3"
"Hugh","3"
"Foster","3"
"Reese","3"
"Harvey","3"
"Rylee","3"
"Guido","3"
"Sebastian","3"
"Josiane","3"
"Omer","3"
"Furman","3"
"Stephania","3"
"Frederick","3"
"Esteban","3"
"Alexandra","3"
"Hallie","3"
"Mathias","3"
"Quinten","3"
"Mikel","3"
"Shanelle","3"
"Delaney","3"
"Mose","3"
"Isadore","3"
"Efren","3"
"Kacie","3"
"Krystina","3"
"Robyn","3"
"Tiana","3"
"Shawna","3"
"Bennie","3"
"Danyka","3"
"Eliezer","3"
"Minnie","3"
"Golda","3"
"Reyna","2"
"Marcelina","2"
"Michael","2"
"Triston","2"
"Dagmar","2"
"Cynthia","2"
"Reta","2"
"Chester","2"
"Efrain","2"
"Kade","2"
"Holly","2"
"Hattie","2"
"Vickie","2"
"Shayne","2"
"Kamryn","2"
"Karli","2"
"Favian","2"
"Ada","2"
"Earnest","2"
"Maribel","2"
"Eli","2"
"Elmo","2"
"Sierra","2"
"Pamela","2"
"Elna","2"
"Jewell","2"
"Vito","2"
"Gerhard","2"
"Enola","2"
"Ubaldo","2"
"Darlene","2"
"Keira","2"
"Kris","2"
"Guillermo","2"
"Lulu","2"
"Alfonso","2"
"Maegan","2"
"Gavin","2"
"Torey","2"
"Lula","2"
"Joey","2"
"Jasmin","2"
"Yasmine","2"
"Dandre","2"
"Shirley","2"
"Johanna","2"
"Clovis","2"
"Wilton","2"
"Eldred","2"
"Elenora","2"
"Theodore","2"
"Era","2"
"Rupert","2"
"Oral","2"
"Itzel","2"
"Mireya","2"
"Oran","2"
"Therese","2"
"Giovanni","2"
"Ned","2"
"Oswaldo","2"
"Krista","2"
"Blaze","2"
"Thad","2"
"Juvenal","2"
"Layla","2"
"Ashly","2"
"Amy","2"
"Ron","2"
"Courtney","2"
"Eulalia","2"
"Justyn","2"
"Nella","2"
"Cyrus","2"
"Clementine","2"
"Kurtis","2"
"Ricardo","2"
"Kylee","2"
"Noah","2"
"Cordia","2"
"Major","2"
"Hailee","2"
"Florencio","2"
"Domenico","2"
"Elza","2"
"Karl","2"
"Liliana","2"
"Zena","2"
"Emmitt","2"
"Luciano","2"
"Woodrow","2"
"Allen","2"
"Arvilla","2"
"Ari","2"
"Waldo","2"
"Abbigail","2"
"Ashton","2"
"Lorine","2"
"Adolphus","2"
"Filiberto","2"
"Rosario","2"
"Leonor","2"
"Amir","2"
"Christophe","2"
"Marianna","2"
"Ashlee","2"
"Ewell","2"
"Fabiola","2"
"Tanner","2"
"Armando","2"
"Barton","2"
"Ava","2"
"Sylvan","2"
"Dolores","2"
"Keara","2"
"Lauriane","2"
"Dale","2"
"Marion","2"
"Blake","2"
"Danny","2"
"Kelley","2"
"Caleb","2"
"Omari","2"
"Gerardo","2"
"Carolyn","2"
"Laurine","2"
"Noemy","2"
"Colt","2"
"Freda","2"
"Aurelio","2"
"Garth","2"
"Rhett","2"
"Adriel","2"
"Lorena","2"
"Darian","2"
"Nathanial","2"
"Lorenz","2"
"Magali","2"
"Abbey","2"
"Jayne","2"
"Verona","2"
"Kasey","2"
"Elmore","2"
"Ewald","2"
"Giovani","2"
"Dimitri","2"
"Gloria","2"
"Queenie","2"
"Esther","2"
"Joy","2"
"Thaddeus","2"
"Derek","2"
"Abigale","2"
"Herminio","2"
"Kiana","2"
"Maverick","2"
"Virgil","2"
"Jovan","2"
"Rosalinda","2"
"Horacio","2"
"Leda","2"
"Coleman","2"
"Terrell","2"
"Zachery","2"
"Ignacio","2"
"Alexandrea","2"
"Magnolia","2"
"Chase","2"
"Gunnar","2"
"Christelle","2"
"Gillian","2"
"Providenci","2"
"Deshaun","2"
"Brenda","2"
"Josefina","2"
"Garrick","2"
"Emiliano","2"
"Federico","2"
"Emmy","2"
"Izaiah","2"
"Conner","2"
"Kaylin","2"
"Aleen","2"
"Viviane","2"
"Nolan","2"
"Nova","2"
"Gayle","2"
"Kristina","2"
"Tyshawn","2"
"Isabelle","2"
"Lisa","2"
"Darrel","2"
"Melvina","2"
"Johnny","2"
"Breana","2"
"Brooke","2"
"Sim","2"
"Greta","2"
"Hans","2"
"Jennyfer","2"
"Elouise","2"
"Malcolm","2"
"Sofia","2"
"Ramona","2"
"Myra","2"
"Lela","2"
"Buford","2"
"Lillian","2"
"Koby","2"
"Juanita","2"
"Jensen","2"
"Araceli","2"
"Haskell","2"
"Clint","2"
"Mathew","2"
"Afton","2"
"Santiago","2"
"Newton","2"
"Columbus","2"
"Everette","2"
"Shemar","2"
"Edwin","2"
"Hobart","2"
"Arjun","2"
"Augusta","2"
"Ettie","2"
"Johnson","2"
"Harold","2"
"Dannie","2"
"Floy","2"
"Retha","2"
"Arlo","2"
"Chris","2"
"Liza","2"
"Nicholas","2"
"Pink","2"
"Gilda","2"
"Jamarcus","2"
"Aron","2"
"Teagan","2"
"Crawford","2"
"Baylee","2"
"Ola","2"
"Noelia","2"
"Deangelo","2"
"Serenity","2"
"Clement","2"
"Lane","2"
"Myriam","2"
"Ibrahim","2"
"Ona","2"
"Carmen","2"
"Tremayne","2"
"Carmine","2"
"Humberto","2"
"Antonetta","2"
"Obie","2"
"Lexi","2"
"Heber","2"
"Barbara","2"
"Desiree","2"
"Jailyn","2"
"Jesse","2"
"Connor","2"
"Mario","2"
"Trisha","2"
"Maiya","2"
"William","2"
"Kennedi","2"
"Timothy","2"
"Mabelle","2"
"Alexie","2"
"Tressa","2"
"Salvatore","2"
"Kayden","2"
"Cassidy","2"
"Evert","2"
"Keagan","2"
"Claudie","2"
"Bernadette","2"
"Brando","2"
"Carolanne","2"
"Katelynn","2"
"Destiney","2"
"Vidal","2"
"Lolita","2"
"Ova","2"
"Avery","2"
"Rahsaan","2"
"Mckenna","2"
"Jesus","2"
"Karlee","2"
"Erna","2"
"Pete","2"
"Raleigh","2"
"Melisa","2"
"Edmond","2"
"Simeon","2"
"Peyton","2"
"Enid","2"
"Shannon","2"
"Dedric","2"
"Okey","2"
"Gia","2"
"Chanel","2"
"Cathrine","2"
"Rickie","2"
"Stevie","2"
"Dortha","2"
"Rosetta","2"
"Albertha","2"
"Elyssa","2"
"Demetris","2"
"Daniella","2"
"Brandyn","2"
"Nikolas","2"
"Ricky","2"
"Cicero","2"
"Anissa","2"
"Felton","2"
"Griffin","2"
"Bryce","2"
"Grover","2"
"Jovany","2"
"Anya","2"
"Dusty","2"
"D'angelo","2"
"Estefania","2"
"Camron","2"
"Gladyce","2"
"Nicola","2"
"Mike","2"
"Dora","2"
"Braxton","2"
"Raheem","2"
"Abby","2"
"Al","2"
"Enos","2"
"Glen","2"
"Nicole","2"
"Garret","2"
"Doug","2"
"Alanna","2"
"Khalid","2"
"Haylie","2"
"Gerard","2"
"Lennie","2"
"Estel","2"
"Kaley","2"
"Angeline","2"
"Angelina","2"
"Westley","2"
"Moriah","2"
"Antoinette","2"
"Joshuah","2"
"Kianna","2"
"Myron","2"
"Casey","2"
"Aylin","2"
"Darrick","2"
"George","2"
"Shanna","2"
"Jayden","2"
"Sigrid","2"
"Modesta","2"
"Leslie","2"
"Gaetano","2"
"Preston","2"
"Della","2"
"Jarod","2"
"Rodolfo","2"
"Johnpaul","2"
"Hollie","2"
"Coy","2"
"Kiarra","2"
"Beulah","2"
"Tre","2"
"Presley","2"
"Dorian","2"
"Audrey","2"
"April","2"
"Monica","2"
"Norberto","2"
"Grayce","2"
"Travon","2"
"Marilou","2"
"Dayna","2"
"Jermain","2"
"Amalia","2"
"Maia","2"
"Leann","2"
"Eliane","2"
"Lew","2"
"Meta","2"
"Esperanza","2"
"Zackary","2"
"Albina","2"
"Lillie","2"
"Paolo","2"
"Arnulfo","2"
"Evelyn","2"
"Madie","2"
"Kaycee","2"
"Faustino","2"
"Margarett","2"
"Crystel","2"
"Immanuel","2"
"Stan","2"
"Sharon","2"
"Elenor","2"
"Cedrick","2"
"Nasir","2"
"Sarai","2"
"Dessie","2"
"Katharina","2"
"Osborne","2"
"Kathlyn","2"
"Darrion","2"
"Lia","2"
"Stella","2"
"Carroll","2"
"Taya","2"
"Bradly","2"
"Caitlyn","2"
"Deontae","2"
"Antwan","2"
"Madisyn","2"
"Kaden","2"
"Jaylin","2"
"Willard","2"
"Miles","2"
"Wanda","2"
"Jerry","2"
"Darrell","2"
"Henriette","2"
"Jerod","2"
"Warren","2"
"Scotty","2"
"Vincent","2"
"Aliza","2"
"Barney","2"
"Leatha","2"
"Josue","2"
"Wilburn","2"
"Tyrel","2"
"Giuseppe","2"
"Regan","2"
"Dwight","2"
"Fatima","2"
"Kaitlin","2"
"Wendy","2"
"Glennie","2"
"Raphael","2"
"Amelie","2"
"Kathleen","2"
"Maud","2"
"Maudie","2"
"Nayeli","2"
"Katrina","2"
"Fern","2"
"Percival","2"
"Kelli","2"
"Jaylan","2"
"Grace","2"
"Bertrand","2"
"Tristian","2"
"Katlyn","2"
"Angie","2"
"Maximus","2"
"Maya","2"
"Olga","2"
"Nikita","2"
"Broderick","2"
"Burdette","2"
"Marielle","2"
"Raymond","2"
"Clair","2"
"Grady","2"
"Jace","2"
"Porter","2"
"Anthony","2"
"Aiyana","2"
"Kitty","2"
"Carli","2"
"Lawson","2"
"Lewis","2"
"Jeramy","2"
"Ashlynn","2"
"Rosendo","2"
"Janiya","2"
"Braulio","2"
"Russ","2"
"Wayne","2"
"Jazlyn","2"
"Gabrielle","2"
"Gabriella","2"
"Agustin","2"
"Scot","2"
"Stephany","2"
"Milton","2"
"Janelle","2"
"Manuel","2"
"Amaya","2"
"Sedrick","2"
"Anabelle","2"
"Augustine","2"
"Donato","2"
"Landen","2"
"Marley","2"
"Nathen","2"
"Jess","2"
"Romaine","2"
"Jacynthe","2"
"Coralie","2"
"Maximo","2"
"Madeline","2"
"Timmy","2"
"Caterina","2"
"Devante","2"
"Maxie","2"
"Hilda","2"
"Neil","2"
"Karine","2"
"Tyrell","2"
"Jett","2"
"Robin","2"
"Dangelo","2"
"Rogers","2"
"River","2"
"Bernie","2"
"Darby","2"
"Jana","2"
"Rudolph","2"
"Ashley","2"
"Tony","2"
"Alberta","2"
"Freddy","2"
"Mekhi","2"
"Assunta","2"
"Morris","2"
"Annabel","2"
"Estrella","2"
"Keeley","2"
"Jaida","2"
"Fredrick","2"
"Arden","2"
"Tyrique","2"
"Jonas","2"
"Jamir","2"
"Tyrese","2"
"Germaine","2"
"Ruthie","2"
"Lucas","2"
"Joannie","2"
"Paris","2"
"Valentin","2"
"Gaylord","2"
"Kian","2"
"Reagan","2"
"Maximillian","2"
"Lucie","2"
"Carole","2"
"Pearlie","2"
"Jazmyne","2"
"Joshua","2"
"Thalia","2"
"Wilma","2"
"Juliet","2"
"Macey","2"
"Colby","2"
"Winnifred","2"
"Lonny","2"
"Adelia","2"
"Tomasa","2"
"Samson","2"
"Abner","2"
"Name","2"
"Lisandro","2"
"Trystan","2"
"Hettie","2"
"Gabe","2"
"Eusebio","2"
"Damon","2"
"Percy","2"
"Destin","2"
"Novella","2"
"Sarina","2"
"Kendrick","2"
"Pietro","2"
"Terry","2"
"Neva","2"
"Marcelle","2"
"Janick","2"
"Ofelia","2"
"Millie","2"
"Robbie","2"
"Stephanie","2"
"Thora","2"
"Georgianna","2"
"Vernie","2"
"Howell","2"
"Jabari","2"
"Nash","2"
"Mercedes","2"
"Cruz","2"
"Andreane","2"
"Arlie","2"
"Celine","2"
"Elinore","2"
"Domenic","2"
"Mohammed","2"
"Matilda","2"
"Josiah","2"
"Clarissa","2"
"Ima","2"
"Hazle","2"
"Elda","2"
"Adam","2"
"Alejandra","2"
"Susie","2"
"Ayla","2"
"Amina","2"
"Jaydon","2"
"Grayson","2"
"Lessie","2"
"Alta","2"
"Rachel","2"
"Garrison","2"
"Lucy","2"
"Camylle","2"
"Kira","1"
"Kirk","1"
"Junior","1"
"Soledad","1"
"Lavonne","1"
"Benedict","1"
"Agnes","1"
"Tamia","1"
"Otilia","1"
"Dejon","1"
"Letha","1"
"Ahmad","1"
"Leland","1"
"Jeffery","1"
"Lexus","1"
"Rex","1"
"Jaeden","1"
"Jody","1"
"Jodie","1"
"Teresa","1"
"Derick","1"
"Diana","1"
"Brandon","1"
"Megane","1"
"Vernon","1"
"Keon","1"
"Eloisa","1"
"Ephraim","1"
"Wellington","1"
"Nelson","1"
"Dina","1"
"Luna","1"
"Zaria","1"
"Micaela","1"
"Ellsworth","1"
"Elta","1"
"Keshaun","1"
"Annie","1"
"Rachelle","1"
"Mustafa","1"
"Keegan","1"
"Ali","1"
"Isaiah","1"
"Andreanne","1"
"Alessandro","1"
"Dell","1"
"Margarette","1"
"Margaretta","1"
"Jarrell","1"
"Emmalee","1"
"Uriel","1"
"Lelia","1"
"Liliane","1"
"Dalton","1"
"Anais","1"
"Devyn","1"
"Adalberto","1"
"Raven","1"
"Haley","1"
"Jayde","1"
"Nicolas","1"
"Dante","1"
"Tremaine","1"
"Idella","1"
"Rashawn","1"
"Deron","1"
"Marisa","1"
"Arnaldo","1"
"Fiona","1"
"Addie","1"
"Micheal","1"
"Euna","1"
"Daryl","1"
"Allan","1"
"Timmothy","1"
"Felicity","1"
"Ivory","1"
"Edison","1"
"Jazmin","1"
"Dennis","1"
"Rhiannon","1"
"Jalon","1"
"Vicenta","1"
"Vicente","1"
"Lonnie","1"
"Daphnee","1"
"Daphney","1"
"Lambert","1"
"Dana","1"
"Dylan","1"
"Aurelie","1"
"Jordyn","1"
"Carrie","1"
"Devon","1"
"Prince","1"
"Bulah","1"
"Mattie","1"
"Marquise","1"
"Loraine","1"
"Lenora","1"
"Emil","1"
"Brook","1"
"Victor","1"
"Anika","1"
"Estevan","1"
"Gordon","1"
"Lamar","1"
"Marjolaine","1"
"Katherine","1"
"Rickey","1"
"Coty","1"
"Lina","1"
"Antwon","1"
"Amya","1"
"Shaina","1"
"Julianne","1"
"Ferne","1"
"Alejandrin","1"
"Arielle","1"
"Nestor","1"
"Tatum","1"
"Roma","1"
"Alexandria","1"
"Shawn","1"
"Luigi","1"
"Laverna","1"
"Carey","1"
"Henri","1"
"Terrance","1"
"Polly","1"
"Dariana","1"
"Zachary","1"
"Chadrick","1"
"Korey","1"
"Oda","1"
"Hilario","1"
"Leon","1"
"Libby","1"
"Isobel","1"
"Chaim","1"
"Marques","1"
"Trent","1"
"Ross","1"
"Rossie","1"
"Kaylah","1"
"Jakayla","1"
"Lavina","1"
"Collin","1"
"Saul","1"
"Lera","1"
"Leola","1"
"Irwin","1"
"Connie","1"
"Yolanda","1"
"Forest","1"
"Florian","1"
"Mariano","1"
"Monte","1"
"Marco","1"
"Guadalupe","1"
"Monique","1"
"Lionel","1"
"Dorothy","1"
"Mitchell","1"
"Loyce","1"
"Isaac","1"
"Rowena","1"
"Hyman","1"
"Cheyanne","1"
"Maria","1"
"Patsy","1"
"Ora","1"
"Claudia","1"
"Lamont","1"
"Michel","1"
"Annamae","1"
"Rubie","1"
"Judd","1"
"Vivianne","1"
"Terrill","1"
"Ansel","1"
"Tina","1"
"Cortney","1"
"Cordelia","1"
"Chad","1"
"Madelyn","1"
"Titus","1"
"Norris","1"
"Merritt","1"
"Wallace","1"
"Ansley","1"
"Maeve","1"
"Hayley","1"
"Elian","1"
"Emerald","1"
"Norene","1"
"Jacey","1"
"Ted","1"
"Trey","1"
"Kariane","1"
"Ursula","1"
"Tessie","1"
"Eudora","1"
"Edward","1"
"Elbert","1"
"Holden","1"
"Bridie","1"
"Asia","1"
"Ottis","1"
"Maurice","1"
"Caesar","1"
"Josie","1"
"Kelvin","1"
"Emely","1"
"Shanny","1"
"Enrico","1"
"Tom","1"
"Mack","1"
"Jamaal","1"
"Rhea","1"
"Horace","1"
"Jimmy","1"
"Laisha","1"
"Bria","1"
"Franco","1"
"Brent","1"
"Mertie","1"
"Bianka","1"
"Madison","1"
"Hester","1"
"Drake","1"
"Aurore","1"
"Emile","1"
"Lois","1"
"Lenna","1"
"Melody","1"
"Murray","1"
"Bernice","1"
"Madge","1"
"Martin","1"
"Alana","1"
"Brannon","1"
"Antonietta","1"
"Marcel","1"
"Randall","1"
"Clark","1"
"Lenny","1"
"Zelma","1"
"Maxime","1"
"Matt","1"
"Tyree","1"
"Annalise","1"
"Dixie","1"
"Loy","1"
"Lori","1"
"Armani","1"
"Carol","1"
"Amelia","1"
"Antonina","1"
"Kelly","1"
"Berniece","1"
"Alisa","1"
"Cleta","1"
"Robert","1"
"Zelda","1"
"Meghan","1"
"Autumn","1"
"Hadley","1"
"Lydia","1"
"Bailee","1"
"Rodrick","1"
"Justine","1"
"Justina","1"
"Genesis","1"
"Bettie","1"
"Nedra","1"
"Helga","1"
"Devin","1"
"Jennings","1"
"Tobin","1"
"Randy","1"
"Israel","1"
"Christina","1"
"Lester","1"
"Tania","1"
"Kallie","1"
"Eddie","1"
"Mallory","1"
"Marcus","1"
"Jake","1"
"Elton","1"
"Verla","1"
"Rosanna","1"
"Frederique","1"
"Rebeca","1"
"Roslyn","1"
"Krystel","1"
"Lorna","1"
"Myrtle","1"
"Wyatt","1"
"Salvador","1"
"Tyler","1"
"Eleonore","1"
"Eldridge","1"
"Arlene","1"
"Meagan","1"
"Davin","1"
"Newell","1"
"Javonte","1"
"Donnell","1"
"Dayton","1"
"Johnathon","1"
"Maximillia","1"
"Rosie","1"
"Pasquale","1"
"Odie","1"
"Dameon","1"
"Winston","1"
"Hilma","1"
"Joany","1"
"Sabryna","1"
"Kyleigh","1"
"Alek","1"
"Alec","1"
"Jefferey","1"
"Willy","1"
"Ronaldo","1"
"Thomas","1"
"Stacey","1"
"Jasper","1"
"Maryse","1"
"Gudrun","1"
"Marilie","1"
"Ida","1"
"Clifton","1"
"Vida","1"
"Carson","1"
"Mona","1"
"Meaghan","1"
"Mckayla","1"
"Lucio","1"
"Adrain","1"
"Tierra","1"
"Damion","1"
"Mozell","1"
"Albin","1"
"Orland","1"
"Pansy","1"
"German","1"
"Orville","1"
"Rene","1"
"Audra","1"
"Ayden","1"
"Gage","1"
"Eliseo","1"
"Candido","1"
"Edd","1"
"Maybelle","1"
"Jared","1"
"Jaren","1"
"Lyla","1"
"Lance","1"
"Adaline","1"
"Sadie","1"
"Jairo","1"
